mesh,alpha_deg,iteration,cl,cd,cm,cl_std,cd_std,cm_std,converged_by_force_history,reported_as
225x65,0.0,400,-3.472757510638914e-06,0.007856829366823324,-9.260109199655834e-07,0.0,0.0,0.0,True,final_iteration_force_converged
225x65,6.0,400,0.6590383961455519,0.009849127879957937,-0.003757325283608613,0.0,0.0,0.0,True,final_iteration_force_converged
225x65,10.0,500,1.070161068631023,0.01416581852391195,-0.008950357519491582,0.0,0.0,0.0,True,final_iteration_force_converged
449x129,-4.0,400,-0.4431648992732419,0.008687738734066489,0.00229125195572076,0.0,0.0,0.0,True,final_iteration_force_converged
449x129,-2.0,400,-0.2221436807407196,0.008211283030204483,0.001106999126913179,0.0,0.0,0.0,True,final_iteration_force_converged
449x129,0.0,400,-5.11461118782405e-06,0.008059228195796042,-1.27772165180203e-06,0.0,0.0,0.0,True,final_iteration_force_converged
449x129,2.0,400,0.2221339541373662,0.008211223319133805,-0.001109229506460359,0.0,0.0,0.0,True,final_iteration_force_converged
449x129,4.0,400,0.4431551203013259,0.008687653522183827,-0.002293728147146899,0.0,0.0,0.0,True,final_iteration_force_converged
449x129,6.0,400,0.6611914975021334,0.009547931186475272,-0.003768776064224618,0.0,0.0,0.0,True,final_iteration_force_converged
449x129,8.0,400,0.8735312859472237,0.0108940868034718,-0.005850830253031005,0.0,0.0,0.0,True,final_iteration_force_converged
449x129,10.0,400,1.076907839536451,0.01289098320266576,-0.00880735782212998,0.0,0.0,0.0,True,final_iteration_force_converged
449x129,12.0,400,1.265813636952695,0.01583758269255852,-0.01298368967436991,0.0,0.0,0.0,True,final_iteration_force_converged
897x257,0.0,800,-1.4723533906804144e-07,0.008159338133078684,-1.842979752207179e-06,0.0004332226927148121,9.207524151210982e-06,3.052546621110073e-05,False,mean_last_200_iterations
